video_id,frame_no,parsed_json,schema_conformant,node_tp,node_fp,node_fn,node_precision,node_recall,node_f1,edge_tp,edge_fp,edge_fn,edge_precision,edge_recall,edge_f1,box_mean_iou,box_median_iou,box_std_iou,box_min_iou,box_max_iou,box_match_count,box_iou@0.5_coverage,box_iou@0.75_coverage,composite_hits_gt,composite_hits_pred,composite_fn_explained_pct,composite_fp_explained_pct,composite_adj_recall,gen_wall_time_s
0JVmVXLrNZo,23,1,1,3,1,3,0.75,0.5,0.6,0,3,4,0.0,0.0,0.0,0.43393072485923767,0.5,0.09470613300800323,0.30000001192092896,0.5017921328544617,3,0.6666666666666666,0.0,0,0,0.0,0.0,0.5,13.598788
0JVmVXLrNZo,62,1,1,3,0,1,1.0,0.75,0.8571428571428571,2,1,2,0.6666666666666666,0.5,0.5714285714285715,0.7389523386955261,0.824999988079071,0.2556203603744507,0.3918569087982178,1.0,3,0.6666666666666666,0.6666666666666666,0,0,0.0,0.0,0.75,13.851723
0JVmVXLrNZo,64,1,1,1,2,2,0.3333333333333333,0.3333333333333333,0.3333333333333333,0,3,5,0.0,0.0,0.0,0.3962264060974121,0.3962264060974121,0.0,0.3962264060974121,0.3962264060974121,1,0.0,0.0,0,0,0.0,0.0,0.3333333333333333,14.309772
0JVmVXLrNZo,150,1,1,2,1,0,0.6666666666666666,1.0,0.8,1,1,0,0.5,1.0,0.6666666666666666,0.6764705777168274,0.6764705777168274,0.3235293924808502,0.3529411852359772,1.0,2,0.5,0.5,0,0,0.0,0.0,1.0,12.402315
1mB0G1AwUPg,99,1,1,6,2,2,0.75,0.75,0.75,1,6,4,0.14285714285714285,0.2,0.16666666666666666,0.6513997912406921,0.7041995525360107,0.22153672575950623,0.3333333432674408,1.0,6,0.6666666666666666,0.3333333333333333,0,0,0.0,0.0,0.75,33.245748
1mB0G1AwUPg,279,1,1,7,1,3,0.875,0.7,0.7777777777777777,3,7,5,0.3,0.375,0.33333333333333326,0.6827913522720337,0.75,0.18357360363006592,0.36000001430511475,0.875,7,0.7142857142857143,0.5714285714285714,0,0,0.0,0.0,0.7,36.336593
1mB0G1AwUPg,290,1,1,6,1,4,0.8571428571428571,0.6,0.7058823529411764,4,4,7,0.5,0.36363636363636365,0.4210526315789474,0.7506800293922424,0.7888889312744141,0.09602636098861694,0.5625,0.8402625918388367,6,1.0,0.6666666666666666,0,0,0.0,0.0,0.6,30.389123
1mB0G1AwUPg,304,1,1,8,1,4,0.8888888888888888,0.6666666666666666,0.761904761904762,2,4,6,0.3333333333333333,0.25,0.28571428571428575,0.6221914291381836,0.5628571510314941,0.2142706662416458,0.3723404109477997,1.0,8,0.75,0.25,0,0,0.0,0.0,0.6666666666666666,33.786144
3rtzSsuJ4Ng,5,1,1,6,1,3,0.8571428571428571,0.6666666666666666,0.75,3,3,3,0.5,0.5,0.5,0.44876718521118164,0.41992247104644775,0.14287546277046204,0.3019867539405823,0.7343941330909729,6,0.16666666666666666,0.0,0,0,0.0,0.0,0.6666666666666666,29.033041
3rtzSsuJ4Ng,19,1,1,0,0,0,0.0,0.0,0.0,0,0,0,0.0,0.0,0.0,0.0,0.0,0.0,0.0,0.0,0,0.0,0.0,0,0,0.0,0.0,0.0,1.023232
3rtzSsuJ4Ng,143,1,1,7,4,4,0.6363636363636364,0.6363636363636364,0.6363636363636364,1,7,8,0.125,0.1111111111111111,0.11764705882352941,0.555152952671051,0.5714285969734192,0.10782789438962936,0.35555556416511536,0.6758474707603455,7,0.7142857142857143,0.0,0,0,0.0,0.0,0.6363636363636364,42.927375
3rtzSsuJ4Ng,163,1,1,0,0,0,0.0,0.0,0.0,0,0,0,0.0,0.0,0.0,0.0,0.0,0.0,0.0,0.0,0,0.0,0.0,0,0,0.0,0.0,0.0,1.023004
4eWzsx1vAi8,64,1,1,4,2,3,0.6666666666666666,0.5714285714285714,0.6153846153846153,1,7,5,0.125,0.16666666666666666,0.14285714285714288,0.35756751894950867,0.3316611051559448,0.06541969627141953,0.3030303120613098,0.4639175236225128,4,0.0,0.0,0,0,0.0,0.0,0.5714285714285714,28.273343
4eWzsx1vAi8,66,1,1,4,3,3,0.5714285714285714,0.5714285714285714,0.5714285714285714,0,5,7,0.0,0.0,0.0,0.46664437651634216,0.4318181872367859,0.12069687247276306,0.3529411852359772,0.6499999761581421,4,0.5,0.0,0,0,0.0,0.0,0.5714285714285714,27.72226
4eWzsx1vAi8,94,1,1,4,0,0,1.0,1.0,1.0,3,2,0,0.6,1.0,0.7499999999999999,0.705291748046875,0.6546311378479004,0.18101254105567932,0.511904776096344,1.0,4,1.0,0.25,0,0,0.0,0.0,1.0,20.137719
4eWzsx1vAi8,196,1,1,5,4,4,0.5555555555555556,0.5555555555555556,0.5555555555555556,3,5,5,0.375,0.375,0.375,0.697024405002594,0.7142857313156128,0.10522264987230301,0.534246563911438,0.8571428656578064,5,1.0,0.2,0,0,0.0,0.0,0.5555555555555556,37.103098
8fVUcbC8MgM,24,1,1,6,6,6,0.5,0.5,0.5,0,10,8,0.0,0.0,0.0,0.6103174686431885,0.5982142686843872,0.18796919286251068,0.375,0.8571428656578064,6,0.6666666666666666,0.3333333333333333,1,1,16.666666666666664,16.666666666666664,0.5833333333333334,49.279144
8fVUcbC8MgM,73,1,1,4,5,3,0.4444444444444444,0.5714285714285714,0.5,1,5,6,0.16666666666666666,0.14285714285714285,0.15384615384615383,0.5664925575256348,0.5329851508140564,0.16873039305210114,0.4000000059604645,0.800000011920929,4,0.5,0.25,0,0,0.0,0.0,0.5714285714285714,35.003236
8fVUcbC8MgM,231,1,1,6,7,4,0.46153846153846156,0.6,0.5217391304347826,0,13,9,0.0,0.0,0.0,0.5007014870643616,0.47115200757980347,0.14475640654563904,0.3333333432674408,0.800000011920929,6,0.3333333333333333,0.16666666666666666,0,0,0.0,0.0,0.6,54.116605
8fVUcbC8MgM,286,1,1,7,1,1,0.875,0.875,0.875,2,5,4,0.2857142857142857,0.3333333333333333,0.30769230769230765,0.7001590132713318,0.75,0.12508359551429749,0.43478259444236755,0.84375,7,0.8571428571428571,0.5714285714285714,0,0,0.0,0.0,0.875,33.352078
Aa4rc5Exz24,50,1,1,6,2,1,0.75,0.8571428571428571,0.7999999999999999,2,4,4,0.3333333333333333,0.3333333333333333,0.3333333333333333,0.6727027893066406,0.6772214770317078,0.1925209015607834,0.37037035822868347,1.0,6,0.8333333333333334,0.3333333333333333,0,0,0.0,0.0,0.8571428571428571,31.830834
Aa4rc5Exz24,91,1,1,5,1,2,0.8333333333333334,0.7142857142857143,0.7692307692307692,3,1,3,0.75,0.5,0.6,0.651948094367981,0.625,0.13326172530651093,0.5,0.875,5,1.0,0.2,0,0,0.0,0.0,0.7142857142857143,23.174253
Aa4rc5Exz24,99,1,1,5,0,0,1.0,1.0,1.0,3,1,1,0.75,0.75,0.75,0.7490653991699219,0.7399699091911316,0.1494871824979782,0.5625,1.0,5,1.0,0.4,0,0,0.0,0.0,1.0,20.756199
Aa4rc5Exz24,139,1,1,5,1,1,0.8333333333333334,0.8333333333333334,0.8333333333333334,4,1,2,0.8,0.6666666666666666,0.7272727272727272,0.6524013876914978,0.625,0.10581280291080475,0.5507246255874634,0.8333333134651184,5,1.0,0.2,0,0,0.0,0.0,0.8333333333333334,25.84775
BByjyvBp6gI,88,1,1,5,1,1,0.8333333333333334,0.8333333333333334,0.8333333333333334,3,2,1,0.6,0.75,0.6666666666666665,0.560757040977478,0.4861111044883728,0.18282517790794373,0.3333333432674408,0.7792207598686218,5,0.4,0.4,0,0,0.0,0.0,0.8333333333333334,25.181683
BByjyvBp6gI,89,1,1,3,3,2,0.5,0.6,0.5454545454545454,0,5,4,0.0,0.0,0.0,0.4874260425567627,0.3375000059604645,0.22755183279514313,0.31578946113586426,0.8089887499809265,3,0.3333333333333333,0.3333333333333333,0,0,0.0,0.0,0.6,25.092135
BByjyvBp6gI,244,1,1,7,0,1,1.0,0.875,0.9333333333333333,5,1,4,0.8333333333333334,0.5555555555555556,0.6666666666666667,0.5961828827857971,0.5625,0.11335740983486176,0.43478259444236755,0.8333333134651184,7,0.8571428571428571,0.14285714285714285,0,0,0.0,0.0,0.875,29.601528
BByjyvBp6gI,265,0,0,0,0,10,0.0,0.0,0.0,0,0,9,0.0,0.0,0.0,0.0,0.0,0.0,0.0,0.0,0,0.0,0.0,,,,,,279.60901
Gf4eEhDpxgk,7,1,1,8,2,3,0.8,0.7272727272727273,0.761904761904762,2,6,8,0.25,0.2,0.22222222222222224,0.5250151753425598,0.4164414405822754,0.19517892599105835,0.30000001192092896,0.8888888955116272,8,0.375,0.25,0,0,0.0,0.0,0.7272727272727273,41.715561
Gf4eEhDpxgk,32,1,1,2,3,4,0.4,0.3333333333333333,0.3636363636363636,0,5,5,0.0,0.0,0.0,0.6521563529968262,0.6521563529968262,0.2478436529636383,0.4043126702308655,0.8999999761581421,2,0.5,0.5,0,0,0.0,0.0,0.3333333333333333,22.05975
Gf4eEhDpxgk,157,1,1,3,1,3,0.75,0.5,0.6,1,3,3,0.25,0.25,0.25,0.5470085740089417,0.5384615659713745,0.1780569851398468,0.3333333432674408,0.7692307829856873,3,0.6666666666666666,0.3333333333333333,0,0,0.0,0.0,0.5,17.820112
Gf4eEhDpxgk,166,1,1,4,2,1,0.6666666666666666,0.8,0.7272727272727272,2,2,2,0.5,0.5,0.5,0.5170535445213318,0.5028571486473083,0.2021031677722931,0.3125,0.75,4,0.5,0.25,0,0,0.0,0.0,0.8,24.125244
I9nR5rDP7nQ,18,1,1,4,8,5,0.3333333333333333,0.4444444444444444,0.380952380952381,1,8,6,0.1111111111111111,0.14285714285714285,0.125,0.4451930522918701,0.44999998807907104,0.07138918340206146,0.3529411852359772,0.5278310775756836,4,0.5,0.0,0,0,0.0,0.0,0.4444444444444444,47.511121
I9nR5rDP7nQ,72,1,1,2,2,1,0.5,0.6666666666666666,0.5714285714285715,0,3,2,0.0,0.0,0.0,0.6727272868156433,0.6727272868156433,0.12727272510528564,0.5454545617103577,0.800000011920929,2,1.0,0.5,0,0,0.0,0.0,0.6666666666666666,16.323154
I9nR5rDP7nQ,203,1,1,7,9,7,0.4375,0.5,0.4666666666666667,2,12,9,0.14285714285714285,0.18181818181818182,0.16,0.5214418768882751,0.46000000834465027,0.1832122653722763,0.3333333432674408,0.8888888955116272,7,0.42857142857142855,0.14285714285714285,0,0,0.0,0.0,0.5,65.540959
I9nR5rDP7nQ,244,1,1,2,3,0,0.4,1.0,0.5714285714285715,1,4,0,0.2,1.0,0.33333333333333337,0.5716666579246521,0.5716666579246521,0.2383333295583725,0.3333333432674408,0.8100000023841858,2,0.5,0.5,0,0,0.0,0.0,1.0,21.044702
JzU12Qf5FPg,126,1,1,6,3,6,0.6666666666666666,0.5,0.5714285714285715,1,6,13,0.14285714285714285,0.07142857142857142,0.09523809523809523,0.5486111044883728,0.4375,0.24816066026687622,0.3333333432674408,1.0,6,0.5,0.3333333333333333,0,0,0.0,0.0,0.5,36.284901
JzU12Qf5FPg,436,1,1,6,3,2,0.6666666666666666,0.75,0.7058823529411765,2,6,5,0.25,0.2857142857142857,0.26666666666666666,0.6142480969429016,0.6324999928474426,0.07310940325260162,0.4651162922382355,0.6976743936538696,6,0.8333333333333334,0.0,0,0,0.0,0.0,0.75,39.250126
JzU12Qf5FPg,484,1,1,5,1,4,0.8333333333333334,0.5555555555555556,0.6666666666666667,1,5,6,0.16666666666666666,0.14285714285714285,0.15384615384615383,0.6473193764686584,0.6666666865348816,0.24931763112545013,0.30000001192092896,1.0,5,0.6,0.4,0,0,0.0,0.0,0.5555555555555556,25.882846
JzU12Qf5FPg,503,1,1,5,3,0,0.625,1.0,0.7692307692307693,0,8,4,0.0,0.0,0.0,0.5169633626937866,0.6000000238418579,0.1663261204957962,0.3191489279270172,0.7374301552772522,5,0.6,0.0,0,0,0.0,0.0,1.0,34.562971
M5TwnzHdT2Q,58,1,1,5,0,2,1.0,0.7142857142857143,0.8333333333333333,2,2,4,0.5,0.3333333333333333,0.4,0.5846967101097107,0.6013745665550232,0.12468833476305008,0.375,0.7661691308021545,5,0.8,0.2,0,0,0.0,0.0,0.7142857142857143,20.408492
M5TwnzHdT2Q,65,1,1,4,2,4,0.6666666666666666,0.5,0.5714285714285715,1,4,6,0.2,0.14285714285714285,0.16666666666666666,0.511492908000946,0.4973447322845459,0.10516737401485443,0.38461539149284363,0.6666666865348816,4,0.5,0.0,0,0,0.0,0.0,0.5,26.200342
M5TwnzHdT2Q,67,1,1,5,1,1,0.8333333333333334,0.8333333333333334,0.8333333333333334,3,1,2,0.75,0.6,0.6666666666666665,0.6292257308959961,0.692307710647583,0.17973648011684418,0.3125,0.8402777910232544,5,0.8,0.2,0,0,0.0,0.0,0.8333333333333334,23.450913
M5TwnzHdT2Q,69,1,1,6,0,0,1.0,1.0,1.0,1,4,4,0.2,0.2,0.20000000000000004,0.6349099278450012,0.6195887327194214,0.1807147115468979,0.45296168327331543,1.0,6,0.6666666666666666,0.16666666666666666,0,0,0.0,0.0,1.0,24.762777
N3xXYO9UYxU,131,1,1,5,2,2,0.7142857142857143,0.7142857142857143,0.7142857142857143,1,5,6,0.16666666666666666,0.14285714285714285,0.15384615384615383,0.6015576720237732,0.4792826175689697,0.21997559070587158,0.4000000059604645,1.0,5,0.4,0.2,0,0,0.0,0.0,0.7142857142857143,29.862078
N3xXYO9UYxU,149,1,1,6,0,1,1.0,0.8571428571428571,0.923076923076923,4,1,2,0.8,0.6666666666666666,0.7272727272727272,0.6696740984916687,0.6666666865348816,0.1819642335176468,0.3807106614112854,1.0,6,0.8333333333333334,0.16666666666666666,0,0,0.0,0.0,0.8571428571428571,23.723291
N3xXYO9UYxU,221,1,1,4,3,4,0.5714285714285714,0.5,0.5333333333333333,0,7,7,0.0,0.0,0.0,0.5985375046730042,0.5720750093460083,0.09611636400222778,0.5,0.75,4,1.0,0.25,0,0,0.0,0.0,0.5,29.023834
N3xXYO9UYxU,222,1,1,4,2,3,0.6666666666666666,0.5714285714285714,0.6153846153846153,1,4,6,0.2,0.14285714285714285,0.16666666666666666,0.6193079948425293,0.609649121761322,0.16712775826454163,0.4000000059604645,0.8579335808753967,4,0.75,0.25,0,0,0.0,0.0,0.5714285714285714,25.225965
Nbl97Bp3Kzw,27,1,1,1,0,1,1.0,0.5,0.6666666666666666,0,0,1,0.0,0.0,0.0,0.375,0.375,0.0,0.375,0.375,1,0.0,0.0,0,0,0.0,0.0,0.5,4.775046
Nbl97Bp3Kzw,57,1,1,2,2,2,0.5,0.5,0.5,0,4,4,0.0,0.0,0.0,0.7289999723434448,0.7289999723434448,0.17099997401237488,0.5580000281333923,0.8999999761581421,2,1.0,0.5,0,0,0.0,0.0,0.5,17.642068
Nbl97Bp3Kzw,130,1,1,3,7,8,0.3,0.2727272727272727,0.28571428571428564,1,6,15,0.14285714285714285,0.0625,0.08695652173913043,0.7726495862007141,0.800000011920929,0.0386793427169323,0.7179487347602844,0.800000011920929,3,1.0,0.6666666666666666,0,0,0.0,0.0,0.2727272727272727,39.744848
Nbl97Bp3Kzw,156,1,1,5,0,4,1.0,0.5555555555555556,0.7142857142857143,4,1,4,0.8,0.5,0.6153846153846154,0.5311378240585327,0.4000000059604645,0.20461997389793396,0.3214285671710968,0.8333333134651184,5,0.4,0.2,0,0,0.0,0.0,0.5555555555555556,21.916737
TFJ6oR89Vb8,55,1,1,5,0,0,1.0,1.0,1.0,2,2,2,0.5,0.5,0.5,0.6544098854064941,0.625,0.23423495888710022,0.3076923191547394,1.0,5,0.8,0.4,0,0,0.0,0.0,1.0,20.568794
TFJ6oR89Vb8,91,1,1,4,1,1,0.8,0.8,0.8000000000000002,0,4,5,0.0,0.0,0.0,0.642379641532898,0.6029411554336548,0.2397366762161255,0.3636363744735718,1.0,4,0.75,0.25,0,0,0.0,0.0,0.8,21.042964
TFJ6oR89Vb8,95,1,1,3,1,1,0.75,0.75,0.75,1,3,3,0.25,0.25,0.25,0.8055555820465088,0.75,0.14163942635059357,0.6666666865348816,1.0,3,1.0,0.6666666666666666,0,0,0.0,0.0,0.75,17.928459
TFJ6oR89Vb8,125,1,1,6,0,1,1.0,0.8571428571428571,0.923076923076923,3,2,2,0.6,0.6,0.6,0.6793608665466309,0.5626267790794373,0.23078615963459015,0.43478259444236755,1.0,6,0.8333333333333334,0.3333333333333333,0,0,0.0,0.0,0.8571428571428571,24.661375
VcIF3HOI9wI,37,1,1,5,0,1,1.0,0.8333333333333334,0.9090909090909091,3,2,2,0.6,0.6,0.6,0.6813327074050903,0.5714285969734192,0.1854730248451233,0.47058823704719543,0.9090909361839294,5,0.8,0.4,0,0,0.0,0.0,0.8333333333333334,21.713388
VcIF3HOI9wI,185,1,1,6,2,4,0.75,0.6,0.6666666666666665,1,7,9,0.125,0.1,0.11111111111111112,0.531782329082489,0.4388105273246765,0.21546873450279236,0.37735849618911743,1.0,6,0.3333333333333333,0.16666666666666666,0,0,0.0,0.0,0.6,33.449451
VcIF3HOI9wI,255,1,1,6,4,0,0.6,1.0,0.7499999999999999,1,6,3,0.14285714285714285,0.25,0.18181818181818182,0.7123473286628723,0.7083333730697632,0.17453694343566895,0.4285714328289032,1.0,6,0.8333333333333334,0.5,0,0,0.0,0.0,1.0,39.49661
VcIF3HOI9wI,276,1,1,4,5,3,0.4444444444444444,0.5714285714285714,0.5,0,7,6,0.0,0.0,0.0,0.732029139995575,0.7448276281356812,0.1342555284500122,0.5384615659713745,0.8999999761581421,4,1.0,0.5,0,0,0.0,0.0,0.5714285714285714,36.35437
XsALTvYUTI8,27,1,1,2,1,0,0.6666666666666666,1.0,0.8,0,2,1,0.0,0.0,0.0,0.7744082808494568,0.7744082808494568,0.024408280849456787,0.75,0.7988165616989136,2,1.0,1.0,0,0,0.0,0.0,1.0,12.681215
XsALTvYUTI8,105,1,1,4,1,1,0.8,0.8,0.8000000000000002,1,3,3,0.25,0.25,0.25,0.7047368884086609,0.7430253028869629,0.08740105479955673,0.5555555820465088,0.777341365814209,4,1.0,0.5,0,0,0.0,0.0,0.8,20.766523
XsALTvYUTI8,122,1,1,3,2,1,0.6,0.75,0.6666666666666665,0,4,4,0.0,0.0,0.0,0.6447332501411438,0.6610169410705566,0.05443693697452545,0.5714285969734192,0.7017543911933899,3,1.0,0.0,0,0,0.0,0.0,0.75,21.114414
XsALTvYUTI8,135,1,1,3,0,1,1.0,0.75,0.8571428571428571,0,2,4,0.0,0.0,0.0,0.8092105388641357,0.875,0.18846896290779114,0.5526315569877625,1.0,3,1.0,0.6666666666666666,0,0,0.0,0.0,0.75,12.790874
YMcabXHzylg,33,1,1,3,1,1,0.75,0.75,0.75,1,3,3,0.25,0.25,0.25,0.6410526037216187,0.6631578803062439,0.22100751101970673,0.36000001430511475,0.8999999761581421,3,0.6666666666666666,0.3333333333333333,0,0,0.0,0.0,0.75,16.817586
YMcabXHzylg,69,1,1,3,0,0,1.0,1.0,1.0,1,1,1,0.5,0.5,0.5,0.625,0.699999988079071,0.18142950534820557,0.375,0.800000011920929,3,0.6666666666666666,0.3333333333333333,0,0,0.0,0.0,1.0,12.393656
YMcabXHzylg,102,1,1,3,1,0,0.75,1.0,0.8571428571428571,1,2,2,0.3333333333333333,0.3333333333333333,0.3333333333333333,0.7629629969596863,0.8888888955116272,0.18599821627140045,0.5,0.8999999761581421,3,1.0,0.6666666666666666,0,0,0.0,0.0,1.0,16.295974
YMcabXHzylg,308,1,1,3,0,0,1.0,1.0,1.0,2,0,0,1.0,1.0,1.0,0.4964805543422699,0.390625,0.21696163713932037,0.30000001192092896,0.7988165616989136,3,0.3333333333333333,0.3333333333333333,0,0,0.0,0.0,1.0,11.992825
YSes0R7EksY,206,1,1,7,7,17,0.5,0.2916666666666667,0.3684210526315789,1,6,20,0.14285714285714285,0.047619047619047616,0.07142857142857142,0.5545253157615662,0.5,0.16689907014369965,0.3199999928474426,0.8333333134651184,7,0.7142857142857143,0.2857142857142857,0,0,0.0,0.0,0.2916666666666667,51.885857
YSes0R7EksY,306,1,1,3,1,1,0.75,0.75,0.75,1,4,3,0.2,0.25,0.22222222222222224,0.7516339421272278,0.6666666865348816,0.17851632833480835,0.5882353186607361,1.0,3,1.0,0.3333333333333333,0,0,0.0,0.0,0.75,19.274186
YSes0R7EksY,368,1,1,6,7,7,0.46153846153846156,0.46153846153846156,0.46153846153846156,2,7,12,0.2222222222222222,0.14285714285714285,0.17391304347826086,0.6001670956611633,0.6000000238418579,0.214147686958313,0.3333333432674408,1.0,6,0.6666666666666666,0.16666666666666666,1,0,14.285714285714285,0.0,0.5384615384615384,50.366885
YSes0R7EksY,430,1,1,9,8,5,0.5294117647058824,0.6428571428571429,0.5806451612903226,2,13,12,0.13333333333333333,0.14285714285714285,0.1379310344827586,0.49763572216033936,0.5,0.1719604879617691,0.30000001192092896,0.75,9,0.5555555555555556,0.1111111111111111,0,0,0.0,0.0,0.6428571428571429,69.036474
Zi0Ou5dfsWs,25,1,1,2,1,0,0.6666666666666666,1.0,0.8,1,1,0,0.5,1.0,0.6666666666666666,0.78125,0.78125,0.21875,0.5625,1.0,2,1.0,0.5,0,0,0.0,0.0,1.0,12.546593
Zi0Ou5dfsWs,389,1,1,4,2,1,0.6666666666666666,0.8,0.7272727272727272,4,2,2,0.6666666666666666,0.6666666666666666,0.6666666666666666,0.6047268509864807,0.6142156720161438,0.18846099078655243,0.3333333432674408,0.8571428656578064,4,0.75,0.25,0,0,0.0,0.0,0.8,27.451997
Zi0Ou5dfsWs,418,1,1,5,1,2,0.8333333333333334,0.7142857142857143,0.7692307692307692,4,2,2,0.6666666666666666,0.6666666666666666,0.6666666666666666,0.4731738567352295,0.5384615659713745,0.11849870532751083,0.30000001192092896,0.5945945978164673,5,0.6,0.0,0,0,0.0,0.0,0.7142857142857143,26.117193
Zi0Ou5dfsWs,423,1,1,5,2,1,0.7142857142857143,0.8333333333333334,0.7692307692307692,2,4,3,0.3333333333333333,0.4,0.3636363636363636,0.5929583311080933,0.6093117594718933,0.15293528139591217,0.3333333432674408,0.7870370149612427,5,0.8,0.2,0,0,0.0,0.0,0.8333333333333334,30.856221
coYqrXsDPdU,24,1,1,2,1,0,0.6666666666666666,1.0,0.8,1,1,0,0.5,1.0,0.6666666666666666,0.6000000238418579,0.6000000238418579,0.12000001966953278,0.47999998927116394,0.7200000286102295,2,0.5,0.0,0,0,0.0,0.0,1.0,12.510264
coYqrXsDPdU,99,1,1,4,0,0,1.0,1.0,1.0,3,0,0,1.0,1.0,1.0,0.6834368705749512,0.6857143044471741,0.23951086401939392,0.36231884360313416,1.0,4,0.75,0.5,0,0,0.0,0.0,1.0,16.468022
coYqrXsDPdU,118,1,1,2,1,0,0.6666666666666666,1.0,0.8,0,2,1,0.0,0.0,0.0,0.6817821860313416,0.6817821860313416,0.03821784257888794,0.6435643434524536,0.7200000286102295,2,1.0,0.0,0,0,0.0,0.0,1.0,12.298345
coYqrXsDPdU,257,1,1,3,0,1,1.0,0.75,0.8571428571428571,1,1,3,0.5,0.25,0.3333333333333333,0.7873974442481995,0.7964780330657959,0.17741262912750244,0.5657142996788025,1.0,3,1.0,0.6666666666666666,0,0,0.0,0.0,0.75,12.085605
hXkepSgN_zo,1,1,1,0,6,10,0.0,0.0,0.0,0,6,4,0.0,0.0,0.0,0.0,0.0,0.0,0.0,0.0,0,0.0,0.0,0,0,0.0,0.0,0.0,27.50735
hXkepSgN_zo,59,1,1,3,1,0,0.75,1.0,0.8571428571428571,0,3,2,0.0,0.0,0.0,0.5321475863456726,0.41310933232307434,0.21452325582504272,0.3499999940395355,0.8333333134651184,3,0.3333333333333333,0.3333333333333333,0,0,0.0,0.0,1.0,16.228052
hXkepSgN_zo,186,1,1,2,2,1,0.5,0.6666666666666666,0.5714285714285715,1,2,1,0.3333333333333333,0.5,0.4,0.5979338884353638,0.5979338884353638,0.10206611454486847,0.4958677589893341,0.699999988079071,2,0.5,0.0,0,0,0.0,0.0,0.6666666666666666,16.456851
hXkepSgN_zo,197,1,1,2,2,0,0.5,1.0,0.6666666666666666,0,3,1,0.0,0.0,0.0,0.8258007764816284,0.8258007764816284,0.17419922351837158,0.6516015529632568,1.0,2,1.0,0.5,0,0,0.0,0.0,1.0,16.823615
n2Tq29hTKgM,86,1,1,3,0,1,1.0,0.75,0.8571428571428571,2,0,2,1.0,0.5,0.6666666666666666,0.638252854347229,0.782608687877655,0.21571215987205505,0.3333333432674408,0.7988165616989136,3,0.6666666666666666,0.6666666666666666,0,0,0.0,0.0,0.75,12.580667
n2Tq29hTKgM,282,1,1,5,2,1,0.7142857142857143,0.8333333333333334,0.7692307692307692,2,5,4,0.2857142857142857,0.3333333333333333,0.30769230769230765,0.6334699392318726,0.6753042936325073,0.13332879543304443,0.4545454680919647,0.7875000238418579,5,0.8,0.4,0,0,0.0,0.0,0.8333333333333334,29.921171
n2Tq29hTKgM,323,1,1,5,1,0,0.8333333333333334,1.0,0.9090909090909091,2,3,3,0.4,0.4,0.4000000000000001,0.5658736228942871,0.49295774102211,0.1837705820798874,0.4000000059604645,0.9230769276618958,5,0.4,0.2,0,0,0.0,0.0,1.0,24.198621
n2Tq29hTKgM,525,1,1,5,3,3,0.625,0.625,0.625,0,7,8,0.0,0.0,0.0,0.43467870354652405,0.4000000059604645,0.0671379566192627,0.35247814655303955,0.5274725556373596,5,0.4,0.0,0,1,0.0,33.33333333333333,0.625,32.885752
oP6PR4KfH0A,29,1,1,4,2,0,0.6666666666666666,1.0,0.8,4,2,1,0.6666666666666666,0.8,0.7272727272727272,0.5891903638839722,0.526206910610199,0.26428189873695374,0.30434781312942505,1.0,4,0.5,0.25,0,0,0.0,0.0,1.0,25.539159
oP6PR4KfH0A,30,1,1,4,1,1,0.8,0.8,0.8000000000000002,3,1,2,0.75,0.6,0.6666666666666665,0.7138392925262451,0.7151786088943481,0.08028147369623184,0.625,0.800000011920929,4,1.0,0.5,0,0,0.0,0.0,0.8,20.497068
oP6PR4KfH0A,72,1,1,5,2,0,0.7142857142857143,1.0,0.8333333333333333,0,6,5,0.0,0.0,0.0,0.6817460060119629,0.6666666865348816,0.19806954264640808,0.4285714328289032,1.0,5,0.8,0.4,0,0,0.0,0.0,1.0,27.858161
oP6PR4KfH0A,392,1,1,4,1,1,0.8,0.8,0.8000000000000002,1,3,4,0.25,0.2,0.22222222222222224,0.6263513565063477,0.550000011920929,0.22643403708934784,0.4054054021835327,1.0,4,0.75,0.25,0,0,0.0,0.0,0.8,20.28948
pluBtIfxUvE,128,1,1,1,2,2,0.3333333333333333,0.3333333333333333,0.3333333333333333,0,2,2,0.0,0.0,0.0,1.0,1.0,0.0,1.0,1.0,1,1.0,1.0,0,0,0.0,0.0,0.3333333333333333,12.811505
pluBtIfxUvE,153,1,1,2,1,1,0.6666666666666666,0.6666666666666666,0.6666666666666666,1,1,1,0.5,0.5,0.5,0.6142857074737549,0.6142857074737549,0.18571428954601288,0.4285714328289032,0.800000011920929,2,0.5,0.5,0,0,0.0,0.0,0.6666666666666666,12.273563
pluBtIfxUvE,180,1,1,3,2,1,0.6,0.75,0.6666666666666665,2,2,3,0.5,0.4,0.4444444444444445,0.5880952477455139,0.550000011920929,0.09153515845537186,0.5,0.7142857313156128,3,1.0,0.0,0,0,0.0,0.0,0.75,20.516663
pluBtIfxUvE,194,1,1,5,0,1,1.0,0.8333333333333334,0.9090909090909091,4,1,1,0.8,0.8,0.8000000000000002,0.6839736104011536,0.6629834175109863,0.17085163295269012,0.530153214931488,1.0,5,1.0,0.2,0,0,0.0,0.0,0.8333333333333334,21.977357
usexIHfWXK8,68,1,1,5,1,1,0.8333333333333334,0.8333333333333334,0.8333333333333334,2,3,3,0.4,0.4,0.4000000000000001,0.6252777576446533,0.5555555820465088,0.243432879447937,0.3333333432674408,1.0,5,0.6,0.4,0,0,0.0,0.0,0.8333333333333334,25.005781
usexIHfWXK8,95,1,1,0,0,0,0.0,0.0,0.0,0,0,0,0.0,0.0,0.0,0.0,0.0,0.0,0.0,0.0,0,0.0,0.0,0,0,0.0,0.0,0.0,1.024004
usexIHfWXK8,111,1,1,5,0,0,1.0,1.0,1.0,3,1,2,0.75,0.6,0.6666666666666665,0.6771379113197327,0.7317073345184326,0.17146959900856018,0.3539822995662689,0.8333333134651184,5,0.8,0.4,0,0,0.0,0.0,1.0,21.109028
usexIHfWXK8,135,1,1,6,0,2,1.0,0.75,0.8571428571428571,5,1,3,0.8333333333333334,0.625,0.7142857142857143,0.6357393860816956,0.6174914836883545,0.09014584124088287,0.5384615659713745,0.7949790954589844,6,1.0,0.16666666666666666,0,0,0.0,0.0,0.75,26.133188
,,,,,,,,,,,,,,,,,,,,,,,,,,,,,
SUMMARY,MICRO,,,,,,0.6871880199667221,0.6608,0.6737357259380099,,,,0.2938856015779093,0.27140255009107467,0.2821969696969697,0.6144745630588716,0.6000000238418579,,,,,0.6997578692493946,0.28329297820823246,2,2,0.9433962264150944,1.0638297872340425,0.664,
SUMMARY,MACRO,,,,,,0.6947397137176549,0.702042513042513,0.6864207720974619,,,,0.3134523809523809,0.3129724025974026,0.30286921979524317,0.6225063540433583,0.6142156720161438,,,,,0.7019256474519632,0.3053550543024227,,,,,,
